metric,mean,std,median
precision,0.683922123570804,0.3534909594050281,0.8538283062645011
recall,0.422362947620886,0.36266856592412655,0.31385281385281383
f1_score,0.44163566795135734,0.34431937063761087,0.3740265207324774
hit_file_rate,0.549889135254989,0.23096541609533844,0.5
noise_file_rate,0.24922394678492238,0.27992056005051325,0.2
hit_region_rate,0.5069844789356984,0.23274897263504488,0.5
noise_region_rate,0.188470066518847,0.2357233728918073,0.2
weighted_core_coverage,0.30761087510389457,0.23574923629826747,0.2727272727272727
context_efficiency,0.850981139788434,0.26398123147152847,1.0
optional_coverage,0.069756377399715,0.18865824096380449,0.0
ndcg_at_100,0.9053712309218785,0.2735892229965573,1.0
ndcg_at_300,0.9168369379487423,0.2503131791108018,1.0
ndcg_at_500,0.9215150979264907,0.23779849348745224,1.0
recall_at_100,0.11143585404684826,0.13873776576710115,0.061614294516327786
recall_at_300,0.2234095783842975,0.22655207517156523,0.13673655423883319
recall_at_500,0.28073087476518277,0.2717027662761097,0.17736786094359702
first_useful_hit,0.9587583148558758,0.17814581247342473,1.0
